<?xml version="1.0" encoding="UTF-8"?>
<project-private xmlns="http://www.netbeans.org/ns/project-private/1">
    <editor-bookmarks xmlns="http://www.netbeans.org/ns/editor-bookmarks/2" lastBookmarkId="0"/>
    <open-files xmlns="http://www.netbeans.org/ns/projectui-open-files/2">
        <group>
            <file>file:/C:/Users/Gabriel%20Brunelli/Documents/GitHub/Move4Math/Move4Math/src/jogo/Referencia.java</file>
            <file>file:/C:/Users/Gabriel%20Brunelli/Documents/GitHub/Move4Math/Move4Math/src/conteudo/Imagem.java</file>
            <file>file:/C:/Users/Gabriel%20Brunelli/Documents/GitHub/Move4Math/Move4Math/src/move4math/MainWindow.java</file>
            <file>file:/C:/Users/Gabriel%20Brunelli/Documents/GitHub/Move4Math/Move4Math/src/jogo/Partida.java</file>
            <file>file:/C:/Users/Gabriel%20Brunelli/Documents/GitHub/Move4Math/Move4Math/src/jogo/Game.java</file>
        </group>
    </open-files>
</project-private>
